{
    "title": "JTRUK Jams (zip example)",
    "items": [{
        "location": "jtruk-2023-05-01-monday-night-bytes.lua",
        "author": "jtruk",
        "description": "Monday Night Bytes (1 May 2023)"
    }, {
        "location": "jtruk-2023-05-15-monday-night-bytes.lua",
        "author": "jtruk",
        "description": "Monday Night Bytes (15 May 2023)"
    }, {
        "location": "jtruk-2023-06-24-nova.lua",
        "author": "jtruk",
        "description": "Nova Demoparty Jam (24 Jun 2023)"
    }, {
        "location": "jtruk-2023-08-14-monday-night-bytes.lua",
        "author": "jtruk",
        "description": "Monday Night Bytes (14 Aug 2023)"
    }, {
        "location": "jtruk-2023-08-28-monday-night-bytes.lua",
        "author": "jtruk",
        "description": "Monday Night Bytes (28 Aug 2023)"
    }, {
        "location": "jtruk-2023-09-16-unesco.lua",
        "author": "jtruk",
        "description": "Monday Night Bytes (16 Sep 2023)"
    }]
}